{
    "cameras": [
        {
            "id": "mycity.gov/23948", 
            "url": "/api/traffic_cameras/mycity.gov/23948/", 
            "name": "Autoroute 40, coin de l'Acadie, direction nord",
            "description": "Eastbound on right side of image, westbound on left",
            "orientation": "N",
            "media_files": [
                {
                    "url": "http://mycity.gov/transport/camera/45445.png", 
                    "type": "image/png",
                    "width": 300,
                    "height": 300,
                    "refresh_interval": 15
                }
            ], 
            "jurisdiction_url": "http://mycity.gov/open511/jurisdiction/mycity.gov/", 
            "roads": [
                {
                    "url": "/api/roads/mycity.gov/A-40", 
                    "direction": "N", 
                    "name": "Autoroute 40"
                }
            ], 
            "areas": [
                {
                    "id": "geonames.org/6076945", 
                    "name": "Monte Creek"
                }
            ], 
            "geography": {
                "type": "Point", 
                "coordinates": [
                    -72.683311408445306, 
                    46.635111359930796
                ]
            }
        }
    ],
    "meta": {
        "version": "v1"
    }
}
