{
    "events": [
        {
            "url": "/events/my.city.gov/23948/", 
            "id": "my.city.gov/23948", 
            "jurisdiction_url": "http://my.city.gov/open511/jurisdiction/my.city.gov/",
            "headline": "Urgent rebuilding of sewer pipes", 
            "description": "The City inform you that broadway street will be closed between 1st and 4th avenue during the month of april due to an emergency sewer rebuilding. Local circulation will be permitted on one lane East bound.", 
            "status": "ACTIVE", 
            "event_type": "CONSTRUCTION", 
            "event_subtypes": [
                "EMERGENCY_MAINTENANCE"
            ], 
            "updated": "2012-05-24T10:00:10Z", 
            "created": "2012-05-23T20:33:10Z", 
            "severity": "MODERATE", 
            "detour": "Take Sherbrooke travelling east, and Wellington travelling west.", 
            "grouped_events": [
                "/events/my.city.gov/345832", 
                "/events/my.city.gov/433452"
            ], 
            "attachments": [
                {
                    "url": "http://my.city.gov/trafic/advisory/39473/com.pdf", 
                    "length": "200345", 
                    "type": "application/pdf", 
                    "title": "Detour map",
                    "hreflang": "en"
                }
            ], 
            "geography": {
                "type": "LineString", 
                "coordinates": [
                    [
                        -71.170000000000002, 
                        47.329999999999998
                    ], 
                    [
                        -71.150000000000006, 
                        47.359999999999999
                    ], 
                    [
                        -71.099999999999994, 
                        47.350000000000001
                    ], 
                    [
                        -71.200000000000003, 
                        47.399999999999999
                    ]
                ]
            }, 
            "schedule": {
                "recurring_schedules": [
                    {
                        "start_date": "2014-09-01",
                        "end_date": "2014-09-30",
                        "daily_start_time": "12:00",
                        "daily_end_time": "15:00"
                    }
                ],
                "exceptions": [
                    "2014-09-15 09:00-13:00",
                    "2014-09-16"
                ]
            },
            "roads": [
                {
                    "restrictions": [
                        {
                            "restriction_type": "SPEED", 
                            "value": 35
                        }
                    ], 
                    "direction": "E", 
                    "from": "1st Avenue", 
                    "name": "Broadway", 
                    "impacted_systems": [
                        "ROAD", 
                        "PARKING"
                    ], 
                    "to": "4th Avenue", 
                    "state": "SOME_LANES_CLOSED", 
                    "lanes_open": 1
                }, 
                {
                    "direction": "W", 
                    "from": "1st Avenue", 
                    "name": "Broadway", 
                    "impacted_systems": [
                        "ROAD", 
                        "PARKING"
                    ], 
                    "to": "4th Avenue", 
                    "state": "CLOSED"
                }
            ], 
            "areas": [
                {
                    "url": "http://geonames.org/123456/", 
                    "name": "A City", 
                    "id": "geonames.org/123456"
                }, 
                {
                    "url": "http://geonames.org/98765/", 
                    "name": "A County", 
                    "id": "geonames.org/98765"
                }
            ]
        }
    ],
    "pagination": {
        "next_url": "/api/events/?limit=20&offset=20", 
        "offset": 0
    }, 
    "meta": {
        "version": "v1"
    }
}
