<open511
    xml:lang="en"
    xml:base="http://my.city.gov/api/"
    xmlns:gml="http://www.opengis.net/gml"
    version="v1"
>
  <traffic_segments>  
    <traffic_segment>
        <link rel="self" href="/api/traffic_segments/my.city.gov/52" />
        <link rel="jurisdiction" href="/api/jurisdiction/my.city.gov" />
        <id>my.city.gov/52</id>
        <updated>2013-10-22T15:45:00Z</updated>
        <roads>
            <road>
                <link rel="self" href="/api/roads/my.city.gov/highway-2" />
                <name>Highway 2</name>
                <direction>N</direction>
                <from>Exit 10</from>
                <to>Exit 12</to>
            </road>
        </roads>
        <geography>
          <gml:LineString srsName="urn:ogc:def:crs:EPSG::4326">
            <gml:posList>47.33 -71.17 47.36 -71.15 47.35 -71.1 47.4 -71.2</gml:posList>
          </gml:LineString>
        </geography>
        <current_speed>30</current_speed>
        <current_travel_time>333</current_travel_time>
        <historical_speed>40</historical_speed>
        <historical_travel_time>250</historical_travel_time>
        <link rel="historical_traffic_conditions" href="/api/traffic_segments/my.city.gov/52/historical_conditions" />
        <areas>
            <area>
                <link rel="self" href="http://geonames.org/6076945/about.rdf" />
                <id>geonames.org/6076945</id>
                <name>Monte Creek</name>
            </area>
        </areas>
    </traffic_segment>
  </traffic_segments>
  <pagination>
    <offset>0</offset>
  </pagination> 
</open511>