{
  "jurisdictions" : [
      {
          "id" : "mycity.gov", 
          "name" : "My City",           
          "url" : "http://mycity.gov/open511/jurisdiction/mycity.gov/"
      },
      {
          "id" : "myregion.gov", 
          "name" : "My Region",               
          "url" : "http://myregion.gov/open511/jurisdiction/myregion.gov/"
      }
  ],
  "services" : [
      {
          "service_type_url" : "http://open511.org/services/events",
          "url" : "/events/"
      },
      {
          "service_type_url" : "http://open511.org/services/events",
          "url" : "/areas/"
      }      
  ],
  "meta": {
      "version": "v0"
  }

}